index,X_img,Y_img,latitude,longitude
TOWER,142315,44246,-22.962554482852713,-43.219036775476795
TOWER,25187,31146,-22.90363760555492,-43.744567422305835
TOWER,126383,19826,-22.853355407714847,-43.29093259923599
TOWER,126337,19863,-22.85314896527459,-43.29076654770795
TOWER,102596,43262,-22.958430121926703,-43.397582559024585
TOWER,80259,30018,-22.899472853716684,-43.498308518353625
TOWER,44776,4485,-22.785108229693247,-43.657776327694165
TOWER,77416,24712,-22.87414775175207,-43.50955514346852
TOWER,31460,30350,-22.89947734159582,-43.71582704431871
TOWER,98629,31654,-22.906518823960248,-43.41556997860179
TOWER,98571,31654,-22.90625852697036,-43.41556997860179
TOWER,7129,1652,-22.772331237792972,-43.826668683220355
TOWER,7049,1739,-22.77197220746209,-43.82627823773552
TOWER,78542,26921,-22.884586558622473,-43.50502687342027
TOWER,28156,29378,-22.89542029885685,-43.73096017276539
TOWER,100817,4562,-22.78349708108341,-43.404314377728625
TOWER,19327,29318,-22.8952901503619,-43.770722781910614
TOWER,119023,30185,-22.89931129006779,-43.323429332059966
TOWER,119019,30325,-22.899293338551242,-43.322801028980926
TOWER,14852,3090,-22.776473550235526,-43.78969753489775
TOWER,121467,46040,-22.971314822926242,-43.31330916460822
TOWER,95191,923,-22.76901918299058,-43.43141667983111
TOWER,95149,962,-22.768830692066867,-43.431241652544806
TOWER,95102,880,-22.768619761747473,-43.43160965863396
TOWER,66383,29584,-22.896439047420728,-43.55949626249426
TOWER,24376,28083,-22.89102217730354,-43.749338037827435
TOWER,8074,2038,-22.772981980267694,-43.82134605856503
TOWER,106289,13452,-22.82421112060547,-43.380573497099036
TOWER,36985,7065,-22.795021954704733,-43.6910763908835
TOWER,36890,7136,-22.79459560618681,-43.690757751464844
TOWER,92029,31006,-22.902030944824222,-43.44361024744371
TOWER,107638,28846,-22.893095577464386,-43.374317393583404
TOWER,30074,8578,-22.801704406738285,-43.721984414493335
TOWER,17421,2713,-22.775436850155103,-43.77882340375115
TOWER,74925,25795,-22.879124809713925,-43.520851135253906
TOWER,116394,18128,-22.846224167767694,-43.336251202751605
TOWER,116386,18091,-22.846188264734607,-43.33641725427964
TOWER,93658,35813,-22.923702913172107,-43.4363982256721
TOWER,93630,35859,-22.9235772525563,-43.43619178323184
TOWER,127691,35903,-22.923851013183597,-43.28340642592486
TOWER,29955,30612,-22.90169884176815,-43.72362697825712
TOWER,110099,32367,-22.907730551326978,-43.36210587445428
TOWER,114829,32365,-22.907416399787458,-43.34057303035961
TOWER,137440,39505,-22.94067607206457,-43.24031381046071
TOWER,137403,39403,-22.940510020536536,-43.24077157413259
TOWER,137360,39365,-22.940317041733685,-43.24094211353975
TOWER,122017,15597,-22.83196617575253,-43.30811668844784
TOWER,84488,30578,-22.900500578038834,-43.477843789493335
TOWER,21765,4877,-22.785956438849958,-43.76013587502872
TOWER,21678,4900,-22.785565993365122,-43.760032653808594
TOWER,40208,32561,-22.910014881807214,-43.67718191707836
TOWER,101579,31188,-22.90360170252183,-43.40150496538948
TOWER,18442,2985,-22.776428671444165,-43.77401239731732
TOWER,56276,25800,-22.879802479463464,-43.60520082361558
TOWER,90184,30162,-22.899136262781482,-43.45278347239775
TOWER,90092,30166,-22.898723377900968,-43.45276552088121
TOWER,122772,14830,-22.831764221191406,-43.30796858843635
TOWER,25425,6423,-22.793406318215762,-43.74422185561236
TOWER,64138,40325,-22.94380861170152,-43.56873680563534
TOWER,75271,4577,-22.783739426556757,-43.51913676542394
TOWER,75238,4489,-22.783591326545267,-43.51953169878791
TOWER,23871,28312,-22.890550949994257,-43.75010546515969
TOWER,126030,20196,-22.853566338034238,-43.291067235610065
TOWER,93187,30948,-22.90363760555492,-43.44028024112477
TOWER,93107,31029,-22.903278575224036,-43.43991672291475
TOWER,103870,1789,-22.772066452923944,-43.39162714341108
TOWER,85188,21444,-22.86055845372817,-43.47575243781594
TOWER,113956,33586,-22.914269391228174,-43.34586423986098
TOWER,19533,3388,-22.77952979592716,-43.77040863037109
TOWER,134546,27169,-22.884604510139017,-43.25259264777688
TOWER,61394,2285,-22.773520525764017,-43.581482382381665
TOWER,74722,21977,-22.862057405359607,-43.52182949290556
TOWER,135549,27649,-22.889105852912458,-43.25043846579159
TOWER,135402,27636,-22.88844613467946,-43.25049680822036
TOWER,119746,35688,-22.92409784653608,-43.320274353027344
TOWER,44776,3904,-22.781517926384424,-43.65679348216337
TOWER,72521,3792,-22.780373517204737,-43.531635508817786
TOWER,134358,43865,-22.96095231000115,-43.254854538861444
TOWER,116156,17107,-22.839770597570084,-43.335447872386254
TOWER,116140,17074,-22.839698791503906,-43.33559597239775
TOWER,40444,31708,-22.905688566320084,-43.67562462301815
TOWER,37549,29999,-22.898081611184516,-43.68867986342486
TOWER,37322,29620,-22.897062862620636,-43.69038076961741
TOWER,77039,570,-22.766541873707492,-43.51198757396025
TOWER,76882,529,-22.765837276683136,-43.51217157700483
TOWER,108121,31802,-22.90603413301356,-43.37182213278378
TOWER,108081,31815,-22.905854617848117,-43.37176379035501
TOWER,108043,31812,-22.90568407844095,-43.37177725399242
TOWER,127985,35047,-22.921580146340762,-43.283657747156475
TOWER,127884,35139,-22.921126870548026,-43.283244862275964
TOWER,89408,30653,-22.901039123535156,-43.45596537870519
TOWER,89432,30674,-22.90114683263442,-43.455871133243335
TOWER,89455,30652,-22.90125005385455,-43.455969866584326
TOWER,17989,3105,-22.777985965504367,-43.77706415512983
TOWER,75144,5333,-22.788554920869714,-43.52112938376034
TOWER,74854,5350,-22.787253435920267,-43.52105308981503
TOWER,102464,9899,-22.80704498291016,-43.39651893166935
TOWER,109037,17196,-22.840134115780103,-43.367361180922565
TOWER,121590,31430,-22.905446220846738,-43.312456467572375
TOWER,97648,7447,-22.79620226691751,-43.41829412123736
TOWER,122726,32377,-22.908749299890857,-43.30641129437615
TOWER,122636,32070,-22.908345390768613,-43.30778907327091
TOWER,122582,32160,-22.90810304529527,-43.30738516414866
TOWER,112322,19663,-22.85308164708755,-43.35449443143956
TOWER,112282,19674,-22.852902131922107,-43.35444506476907
TOWER,112225,19715,-22.852646322811353,-43.35426106172449
TOWER,112222,19759,-22.852632859173944,-43.354063595042504
TOWER,72398,9494,-22.80674878288718,-43.532972896800324
TOWER,72366,9573,-22.80660517075483,-43.53261835434858
TOWER,83615,36743,-22.92710023767808,-43.480693592744714
TOWER,127988,20496,-22.85696815041935,-43.28433541690602
TOWER,127943,20533,-22.856766195858228,-43.284169365377984
TOWER,127833,20662,-22.856272529153266,-43.28359042896943
TOWER,43492,33183,-22.912187015309055,-43.66182439467486
TOWER,43430,33081,-22.911908766802622,-43.662282158346734
TOWER,116353,24672,-22.874762591193704,-43.33560494815602
TOWER,116188,24691,-22.874022091136258,-43.335519678452435
TOWER,120381,22193,-22.864117341883045,-43.31800797406365
TOWER,120391,12334,-22.81928342931411,-43.31737518310547
TOWER,120384,12399,-22.819252014160156,-43.31708347096163
TOWER,21123,32948,-22.91232613956227,-43.763407538918884
TOWER,27083,30147,-22.89958056281595,-43.73648475198185
TOWER,27119,30167,-22.899742126464847,-43.73639499439913
TOWER,26978,30189,-22.899109335506665,-43.736296261058136
TOWER,40133,32961,-22.911473442526425,-43.67718191707836
TOWER,79387,29293,-22.895559423110065,-43.50156223072725
TOWER,45438,31379,-22.90476406321806,-43.65376416374655
TOWER,10359,2284,-22.774261025821463,-43.8112662820255
TOWER,114830,23378,-22.867927551269535,-43.341412263758045
TOWER,25319,32277,-22.9078203089097,-43.74308193431181
TOWER,25222,32130,-22.907384984633502,-43.743741652544806
TOWER,76211,19796,-22.85258349250345,-43.515461192411536
TOWER,43790,32967,-22.91172925163718,-43.66099862491383
TOWER,43730,32857,-22.911459978889017,-43.66149229161879
TOWER,114573,31537,-22.90447235107422,-43.34249384262982
TOWER,55448,26395,-22.88147197050207,-43.60791599049287
TOWER,49776,28301,-22.890124601476334,-43.633469974293426
TOWER,57629,9943,-22.8068879071404,-43.597378450281475
TOWER,24519,32783,-22.90961546056411,-43.746196522432214
TOWER,100764,31218,-22.9053295359892,-43.406755783978625
TOWER,55696,237,-22.764104955336627,-43.60682992374196
TOWER,55650,137,-22.763898512896372,-43.60727871165556
TOWER,134097,44356,-22.96157612520106,-43.254446141860065
TOWER,115793,19914,-22.852502710679,-43.33721160888672
TOWER,36351,7033,-22.795766942641315,-43.694810306324676
TOWER,36277,7088,-22.795434839585248,-43.6945634729722
TOWER,19098,29895,-22.89785272934858,-43.771723578957946
TOWER,117292,27619,-22.887952467974497,-43.3313549266142
TOWER,9200,21775,-22.862407459932218,-43.81714091581457
TOWER,120200,50505,-22.99076080322266,-43.31840290742762
TOWER,76391,28479,-22.892884647144992,-43.51598627427045
TOWER,58206,8941,-22.80409195843865,-43.59648985021255
TOWER,38713,28943,-22.894329744226795,-43.684443305520446
TOWER,133280,43744,-22.959704679601337,-43.25898787554573
TOWER,123120,21332,-22.86025327794692,-43.305715673110065
TOWER,124680,18039,-22.845712549546185,-43.29895243925207
TOWER,124630,18084,-22.845488155589386,-43.29875048469095
TOWER,135875,44949,-22.965965270996094,-43.24819452622358
TOWER,135917,44912,-22.966153761919806,-43.24836057775161
TOWER,2667,2694,-22.775643292595362,-43.84532928466797
TOWER,2602,2606,-22.775351580451517,-43.84572421803194
TOWER,141573,37128,-22.930502050063193,-43.22225907269646
TOWER,4194,2244,-22.773520525764017,-43.83837307200712
TOWER,116068,18834,-22.84835142247817,-43.33667306339039
TOWER,131189,35911,-22.92518840116613,-43.26900930965648
TOWER,118118,9382,-22.805492176729093,-43.3270330990062
TOWER,118074,9418,-22.805294710047107,-43.326871535357306
TOWER,8591,2175,-22.77350706212661,-43.81893606746898
TOWER,8519,2192,-22.773183934828815,-43.81885977352367
TOWER,116638,26800,-22.883222243365122,-43.33323534797219
TOWER,110974,19186,-22.84882713766659,-43.358430301441864
TOWER,110929,19082,-22.84862518310547,-43.358897040872016
TOWER,110920,19007,-22.848584792193243,-43.359233631807214
TOWER,110909,18953,-22.848535425522748,-43.35947597728056
TOWER,117269,8538,-22.801681967342603,-43.330820868997016
TOWER,4562,27645,-22.88826661951402,-43.83747100830078
TOWER,73155,37276,-22.93221641989315,-43.53036095114315
TOWER,46495,2726,-22.774871377383963,-43.64771899055032
TOWER,71764,14522,-22.8290355906767,-43.53553996366613
TOWER,83749,30117,-22.898979187011722,-43.481707853429455
TOWER,75264,27359,-22.886031655704276,-43.51921754724839
TOWER,131414,38668,-22.93696908389821,-43.26740713680492
TOWER,139792,46115,-22.970978231991037,-43.23039559757009
TOWER,139715,46271,-22.970632665297565,-43.229695488424866
TOWER,108312,15871,-22.83508525175207,-43.371512469123395
TOWER,108245,15912,-22.834784563849954,-43.371328466078815
TOWER,63380,14224,-22.827312245088468,-43.5727803847369
TOWER,63570,38757,-22.93766919304343,-43.57218349681181
TOWER,107909,15594,-22.83327663646025,-43.37275561164407
TOWER,26718,15767,-22.835112179026886,-43.73819014605354
TOWER,79029,28528,-22.892157610724954,-43.5032003066119
TOWER,78997,28624,-22.892013998592603,-43.502769470214844
TOWER,78968,28703,-22.891883850097656,-43.5024149277631
TOWER,127089,34602,-22.919354158289295,-43.28745000502642
TOWER,126994,34647,-22.918927809771372,-43.2872480504653
TOWER,121343,15155,-22.830736496869257,-43.31189548268037
TOWER,121293,15198,-22.830512102912454,-43.31170250387752
TOWER,121264,14862,-22.83038195441751,-43.31321043126723
TOWER,121231,14909,-22.83023385440602,-43.31299950094783
TOWER,124182,34027,-22.91707880356733,-43.300801445456116
TOWER,27593,29972,-22.8982790778665,-43.733679827521826
TOWER,27538,29828,-22.898032244514017,-43.73432608211741
TOWER,38996,30820,-22.90278042063994,-43.68320016299977
TOWER,117415,9228,-22.805927501005286,-43.33131453570198
TOWER,134752,24421,-22.87475810331457,-43.254154429716216
TOWER,134746,24585,-22.874731176039752,-43.25341841753791
TOWER,134669,24493,-22.874385609346277,-43.253831302418426
TOWER,134487,24431,-22.87356881534352,-43.25410955092486
TOWER,134996,25671,-22.879443449132584,-43.252134884105004
TOWER,134996,25728,-22.879443449132584,-43.25187907499425
TOWER,134921,25766,-22.87910685819738,-43.251708535587085
TOWER,112690,33091,-22.91217803955078,-43.351676043342145
TOWER,112595,33106,-22.91175169103286,-43.3516087251551
TOWER,15620,32840,-22.910966312184055,-43.78722920137293
TOWER,53005,28045,-22.890254749971277,-43.620257658116955
TOWER,26575,29598,-22.89550556856043,-43.737153445973114
TOWER,96381,2072,-22.774359759162454,-43.42626010670381
TOWER,25567,31675,-22.90713815128102,-43.74398848589728
TOWER,134112,24860,-22.875476163976334,-43.255774554084326
TOWER,20026,32059,-22.90740293615005,-43.76739726347082
TOWER,119191,32679,-22.91083616368911,-43.32300747142118
TOWER,119100,32649,-22.91042776668773,-43.32314210779526
TOWER,40112,30967,-22.90240343879251,-43.67715498980354
TOWER,116925,12454,-22.81988480511834,-43.33299300249885
TOWER,116920,12413,-22.819862365722656,-43.33317700554343
TOWER,130277,36628,-22.92827606201172,-43.27297210693359
TOWER,43802,28956,-22.893831589642694,-43.661047991584326
TOWER,117535,8822,-22.8046708948472,-43.331341462976795
TOWER,117530,8868,-22.804648455451517,-43.331135020536536
TOWER,117235,8865,-22.803324531106387,-43.331148484173944
TOWER,36737,29364,-22.89623260498047,-43.69332481833065
TOWER,66276,19152,-22.849284901338464,-43.559639874626605
TOWER,98906,5830,-22.789281957289752,-43.41298496021944
TOWER,98845,5814,-22.789008196662454,-43.41305676628562
TOWER,131898,38349,-22.935550914091223,-43.265248466940484
TOWER,131815,38240,-22.93517842012293,-43.265737645766315
TOWER,115198,31948,-22.907277275534238,-43.34064932430492
TOWER,115179,31778,-22.90719200583065,-43.341412263758045
TOWER,115153,31910,-22.907075320973117,-43.340819863712085
TOWER,94784,35422,-22.92337081011604,-43.432767531451056
TOWER,38155,30247,-22.89900611428654,-43.685771717744714
TOWER,38086,30135,-22.89869645062615,-43.68627436020795
TOWER,42963,5551,-22.787742614746094,-43.66376315846163
TOWER,137961,45715,-22.969941531910617,-43.239371355842145
TOWER,137926,45649,-22.969784456140857,-43.23966755586512
TOWER,37995,6720,-22.794169257668887,-43.6872392542222
TOWER,37910,6780,-22.793787787942325,-43.686969981474036
TOWER,39430,7183,-22.795223909265857,-43.679775911218975
TOWER,39334,7189,-22.794793072868796,-43.67974898394416
TOWER,31012,27062,-22.884900710161993,-43.718017129337085
TOWER,129115,21633,-22.862025990205655,-43.27923269832836
TOWER,67589,38740,-22.937754462747012,-43.55430827421301
TOWER,119144,51656,-22.99679251278148,-43.32400826846852
TOWER,117583,6399,-22.792320251464847,-43.32964953254251
TOWER,117580,6347,-22.79230678782744,-43.32988290225758
TOWER,19375,32928,-22.911661933450137,-43.77067790311925
TOWER,25176,28741,-22.892817328957953,-43.74458986170151
TOWER,117147,9147,-22.80472474939683,-43.33167805391199
TOWER,56316,37704,-22.93383654426126,-43.60563166001264
TOWER,140093,38136,-22.934630898868335,-43.228506200453815
TOWER,140043,38030,-22.934406504911536,-43.22898191564224
TOWER,69877,38311,-22.935456668629364,-43.54366751278148
TOWER,69857,38264,-22.935366911046646,-43.54387844310087
TOWER,75738,3687,-22.78044981115005,-43.51774552289177
TOWER,78230,24588,-22.874210582059973,-43.50652133717256
TOWER,55149,23823,-22.87115433636834,-43.610483057358685
TOWER,102707,9323,-22.8063403858858,-43.39730879839728
TOWER,102653,9219,-22.806098040412454,-43.397775537827435
TOWER,102562,9217,-22.80568964341108,-43.397784513585705
TOWER,75346,3978,-22.780485714183136,-43.518234701717596
TOWER,93571,30230,-22.89997549617992,-43.4381170833812
TOWER,85837,36103,-22.926301395191867,-43.4727949254653
TOWER,85799,36102,-22.9261308557847,-43.47279941334444
TOWER,104628,31312,-22.9047191844267,-43.38838240679573
TOWER,33171,29825,-22.898180344525507,-43.70920742259305
TOWER,39966,33112,-22.912519118365122,-43.67829939898322
TOWER,19401,30613,-22.901007708381204,-43.77029643339269
TOWER,118449,10299,-22.808772816377527,-43.32471286549288
TOWER,118421,10344,-22.80864715576172,-43.32451091093175
TOWER,38837,30602,-22.900271696202896,-43.68238336899701
TOWER,76342,21187,-22.858556859633506,-43.51460400749656
TOWER,28740,8429,-22.802898182588468,-43.72983371510225
TOWER,26451,29730,-22.896744223201978,-43.738356197581574
TOWER,133932,36977,-22.930318047018616,-43.25704462387982
TOWER,58592,11955,-22.816595189711627,-43.59373429242302
TOWER,103276,31535,-22.904037026798022,-43.39276706471163
TOWER,135451,37628,-22.93354483211742,-43.25053271125345
TOWER,135441,37803,-22.93349995332606,-43.249747332404645
TOWER,135443,37741,-22.93350892908433,-43.25002558091108
TOWER,141011,38663,-22.9369556202608,-43.224345936494714
TOWER,132236,36725,-22.92809205896714,-43.26356102438534
TOWER,132226,36766,-22.92804718017578,-43.26337702134076
TOWER,132168,36763,-22.92778688318589,-43.26339048497817
TOWER,132122,36719,-22.927580440745636,-43.263587951660156
TOWER,132083,36727,-22.92740541345933,-43.26355204862706
TOWER,78715,29920,-22.89792902329389,-43.5041337854722
TOWER,119594,11078,-22.81391143798828,-43.32121680764591
TOWER,78754,29456,-22.89630889892578,-43.5044210097369
TOWER,1738,2976,-22.776859507841227,-43.849449157714844
TOWER,1672,2947,-22.776563307818247,-43.84957930620979
TOWER,23011,27072,-22.88489622228286,-43.75387528363396
TOWER,72687,7990,-22.79907002168543,-43.53074690874885
TOWER,116772,26387,-22.882028467514935,-43.333293690400964
TOWER,27308,7727,-22.798266691320084,-43.734779357910156
TOWER,27232,7824,-22.797925612505743,-43.73434403363396
TOWER,103753,31230,-22.904382593491498,-43.39234071619371
TOWER,103715,31231,-22.90421205408433,-43.39233622831457
TOWER,53339,29822,-22.89713915656595,-43.61766815185546
TOWER,117434,3121,-22.777290344238285,-43.32999958711512
TOWER,117379,3184,-22.777043510885804,-43.329716850729554
TOWER,107844,31764,-22.90658614214729,-43.373787823845355
TOWER,108450,31811,-22.9057154935949,-43.36998659021714
TOWER,108423,31755,-22.905594320858228,-43.37023791144876
TOWER,120930,21912,-22.861195732565488,-43.313883613137634
TOWER,44967,3077,-22.77698965633617,-43.655119503245636
TOWER,44920,2994,-22.776778726016776,-43.65549199721392
TOWER,35236,29869,-22.89667690501494,-43.69823904598461
TOWER,35224,29778,-22.896623050465305,-43.69864744298599
TOWER,81814,22485,-22.865163017721738,-43.49082722383387
TOWER,53536,37621,-22.933926301843982,-43.6185702155618
TOWER,53331,37634,-22.933006286621097,-43.61851187313304
TOWER,53359,37662,-22.933131947236905,-43.61838621251723
TOWER,83971,36339,-22.926902770996094,-43.48071154426126
TOWER,121457,14015,-22.827657811781943,-43.31342136158662
TOWER,116923,27936,-22.888091592227713,-43.331727420582496
TOWER,141733,43982,-22.959942537195545,-43.2202215755687
TOWER,96822,35642,-22.92354134952321,-43.422804439769074
TOWER,97576,34850,-22.92153975542854,-43.420973385081574
TOWER,95004,38302,-22.935129053452435,-43.430613349465766
TOWER,130851,36383,-22.925466649672565,-43.268686182358685
TOWER,130836,36235,-22.925399331485526,-43.26935038847082
TOWER,17811,2724,-22.775391971363742,-43.77697888542624
TOWER,17730,2699,-22.775028453153723,-43.777091082404645
TOWER,96851,7770,-22.79801088220933,-43.42222999123966
TOWER,121873,15184,-22.83131992115694,-43.309970182531025
TOWER,94875,32229,-22.907622842227713,-43.430940964642694
TOWER,94818,32293,-22.90736703311696,-43.430653740377984
TOWER,123637,17279,-22.84103169160731,-43.30236322739545
TOWER,51579,1496,-22.77076048009536,-43.62631180707146
TOWER,51304,1351,-22.769526313332953,-43.626962549546185
TOWER,51235,1216,-22.769216649672565,-43.627568413229554
TOWER,41550,28975,-22.89449579575483,-43.671733631807214
TOWER,25490,20827,-22.85832348991843,-43.74420390409582
TOWER,25486,20917,-22.858305538401886,-43.74379999497357
TOWER,104298,31139,-22.903238184311814,-43.38915880988626
TOWER,64763,40577,-22.946613536161536,-43.56760586009305
TOWER,115192,22890,-22.867757011862363,-43.341807197122016
TOWER,115178,22992,-22.86769418155446,-43.34134943345014
TOWER,115155,22822,-22.86759096033433,-43.342112372903266
TOWER,116440,25521,-22.876948188332953,-43.33358989042394
TOWER,116420,25583,-22.876858430750232,-43.333311641917504
TOWER,108766,29998,-22.89815790512983,-43.3691473568187
TOWER,104657,11852,-22.816886901855472,-43.38775410371668
TOWER,104639,11931,-22.81680612003102,-43.387399561264935
TOWER,104504,11670,-22.81620025634766,-43.38857089771944
TOWER,104426,11702,-22.81585020177505,-43.388427285587085
TOWER,96320,31109,-22.903336917652805,-43.42519647934857
TOWER,130694,35976,-22.92476205264821,-43.270512749167054
TOWER,114884,30994,-22.902277778176703,-43.341340457691864
TOWER,117763,6022,-22.79133291805492,-43.32954631132238
TOWER,68673,23533,-22.86901810589959,-43.54895423440372
TOWER,72663,4628,-22.784601099350873,-43.531473945168884
TOWER,23591,32647,-22.91083616368911,-43.752192328957946
TOWER,129790,35629,-22.924295313218064,-43.27566034653607
TOWER,129715,35643,-22.923958722282862,-43.27559751622817
TOWER,121090,40212,-22.944490769330194,-43.31433240105124
TOWER,81805,36660,-22.927952934713925,-43.490041844985065
TOWER,138205,45797,-22.969241422765396,-43.23720819809858
TOWER,138187,45744,-22.96916064094095,-43.237446055692786
TOWER,138170,45683,-22.969084346995636,-43.23771981632008
TOWER,128746,21981,-22.862165114458872,-43.279466068043426
TOWER,128500,21839,-22.861061096191406,-43.28010334688074
TOWER,128495,21751,-22.861038656795728,-43.280498280244714
TOWER,61967,1413,-22.770706625545728,-43.58001035802504
TOWER,16551,33563,-22.913349376005286,-43.78218931310317
TOWER,105502,30856,-22.903256135828357,-43.38504342471852
TOWER,47962,37479,-22.932247835047104,-43.642544465906475
TOWER,47917,37456,-22.932045880485983,-43.642647687126605
TOWER,134314,46740,-22.973320904900046,-43.25451794792624
TOWER,99768,6600,-22.793150509105008,-43.4095292932847
TOWER,99683,6588,-22.792769039378445,-43.409583147834326
TOWER,94724,30973,-22.90335486916935,-43.43298743752872
TOWER,94757,30973,-22.90350296918084,-43.43298743752872
TOWER,141188,42109,-22.953906339757584,-43.22503706988166
TOWER,83438,30093,-22.89937860825483,-43.483610714183136
TOWER,130083,23975,-22.86996056051815,-43.27231238870059
TOWER,120963,31303,-22.90442747228286,-43.31482157987706
TOWER,9502,2253,-22.77400521671071,-43.81499570958754
TOWER,115946,24316,-22.872936024385343,-43.33720263312845
TOWER,115635,24182,-22.871540293974036,-43.33780400893267
TOWER,116786,14191,-22.82823674819049,-43.33417331471162
TOWER,116754,14233,-22.828093136058136,-43.33398482378791
TOWER,103875,10433,-22.811582228716684,-43.3923272525563
TOWER,95997,35656,-22.925224304199222,-43.4281270644244
TOWER,102154,3591,-22.77872646556181,-43.39790119844324
TOWER,101860,31505,-22.90486279655905,-43.40008230770336
TOWER,101838,31459,-22.90476406321806,-43.40028875014361
TOWER,101805,31421,-22.90461596320657,-43.40045928955078
TOWER,116269,27668,-22.888746822581574,-43.33652047549977
TOWER,23808,32696,-22.910014881807214,-43.750177271225866
TOWER,102833,2790,-22.77459312887753,-43.394315383013556
TOWER,23745,23570,-22.86844365737018,-43.749845168169806
TOWER,27716,8134,-22.800097746007584,-43.73295279110179
TOWER,27645,8181,-22.799779106588925,-43.7327418607824
TOWER,91057,35885,-22.92459600112018,-43.448641159955194
TOWER,96620,33046,-22.91186388801126,-43.42368406407974
TOWER,96640,33076,-22.911953645593982,-43.42354942770565
TOWER,117923,23974,-22.8710376515108,-43.3279665778665
TOWER,131191,23983,-22.87134282729205,-43.268686182358685
TOWER,131144,23980,-22.871131896972656,-43.268699645996094
TOWER,85093,36267,-22.926552716423483,-43.47564921659581
TOWER,85071,36222,-22.926453983082492,-43.47585117115693
TOWER,99177,5379,-22.788703020881204,-43.41321384205538
TOWER,99152,5287,-22.788590823902805,-43.413626726935895
TOWER,99099,5472,-22.788352966308594,-43.41279646929573
TOWER,98504,5534,-22.78747782987707,-43.4143133724437
TOWER,25677,18489,-22.846596661735987,-43.742130503934966
TOWER,111829,33015,-22.911904278923483,-43.3556074254653
TOWER,120545,13059,-22.821769714355472,-43.315916622386254
TOWER,120482,13088,-22.8214869779699,-43.315786473891315
TOWER,134988,28352,-22.890178456025964,-43.25087379006778
TOWER,71640,11777,-22.815913032082953,-43.53529313031365
TOWER,72577,2963,-22.77703453512753,-43.53176565731273
TOWER,90559,29865,-22.89722891414867,-43.45052606919233
TOWER,144819,36735,-22.927118189194626,-43.2060712926528
TOWER,114000,21842,-22.862407459932218,-43.34651049445657
TOWER,77487,36861,-22.930116092457492,-43.510681601131665
TOWER,120388,38451,-22.937749974867877,-43.318645252900964
TOWER,120371,38558,-22.937673680922565,-43.31816504983341
TOWER,30219,30418,-22.90108849020565,-43.722702475155096
TOWER,53697,37973,-22.932853698730472,-43.61519533045152
TOWER,133486,37076,-22.930111604578357,-43.25839547549977
TOWER,133463,37121,-22.930008383358228,-43.25819352093865
TOWER,133457,37184,-22.929981456083414,-43.25791078455308
TOWER,109471,16873,-22.840286703670728,-43.36701561422909
TOWER,109434,16925,-22.840120652142694,-43.36678224451401
TOWER,134206,48106,-22.980016820571006,-43.25556811164407
TOWER,89901,35897,-22.924793467802164,-43.4539727603688
TOWER,60725,12565,-22.820782380945545,-43.58561123118681
TOWER,92902,35965,-22.923900379854093,-43.43930637135225
TOWER,116624,14914,-22.831100015079276,-43.334518881405096
TOWER,116583,14953,-22.8309160120347,-43.33434385411879
TOWER,67813,27820,-22.888495501349958,-43.55305166805492
TOWER,79971,30427,-22.90177064783433,-43.50006327909582
TOWER,79712,30478,-22.9006082871381,-43.49983439725988
TOWER,47159,37059,-22.93043921975529,-43.64622452679802
TOWER,110384,31629,-22.907214445226334,-43.36362277760225
TOWER,94416,35827,-22.923514422248395,-43.43274509205538
TOWER,103681,10981,-22.812506731818704,-43.391663046444165
TOWER,121052,14366,-22.82763537238626,-43.31364126766429
TOWER,115313,21398,-22.859324286965762,-43.33952735452091
TOWER,115266,21384,-22.85911335664637,-43.339590184828815
TOWER,21147,28749,-22.892687180463007,-43.76250547521254
TOWER,118393,1929,-22.77261846205768,-43.326373380773205
TOWER,119726,50971,-22.992223851821002,-43.31990185905905
TOWER,56052,15639,-22.8339184031767,-43.60592337215648
TOWER,72714,53,-22.76508331298828,-43.532259324017694
TOWER,68677,24977,-22.876216664033777,-43.54965434354894
TOWER,68587,24891,-22.875812754911536,-43.55004030115464
TOWER,68547,25020,-22.875633239746094,-43.549461364746094
TOWER,43420,5228,-22.78799842385685,-43.66341759176815
TOWER,131843,38983,-22.938894384047565,-43.26599345487707
TOWER,131830,38930,-22.9388360416188,-43.26623131247128
TOWER,131810,38879,-22.93874628403608,-43.266460194307214
TOWER,50441,38248,-22.934397529153262,-43.630117528578815
TOWER,94394,264,-22.765442343319165,-43.43437419218175
TOWER,94122,33,-22.764221640194165,-43.435410892262176
TOWER,78225,27157,-22.884959052590762,-43.50576288559857
TOWER,34759,7291,-22.79759799732882,-43.70262819177964
TOWER,34687,7269,-22.79727487003102,-43.70272692512063
TOWER,128940,22153,-22.86303576301126,-43.27869415283203
TOWER,128896,22202,-22.862838296329276,-43.278474246754364
TOWER,117827,3664,-22.780849232393155,-43.32935782039867
TOWER,130182,23344,-22.868609708898212,-43.27334908878102
TOWER,12724,2779,-22.775899101706113,-43.80006902358111
TOWER,108200,27880,-22.88843715892119,-43.37147207821117
TOWER,118799,9248,-22.806753270766315,-43.32583932315602
TOWER,24483,31913,-22.905863593606387,-43.746510673971734
TOWER,67860,21492,-22.859984005198758,-43.55272854075712
TOWER,63989,14590,-22.830045363482306,-43.571137820973114
TOWER,25862,7105,-22.79536752139821,-43.74116112204159
TOWER,25787,7147,-22.795030930463007,-43.74097263111787
TOWER,75898,28421,-22.892467274385343,-43.518041722914745
TOWER,117474,1590,-22.77028925278608,-43.32968992345474
TOWER,131597,41964,-22.952151579015396,-43.266976300407855
TOWER,28964,9000,-22.803903467514935,-43.72727113611558
TOWER,52773,27312,-22.88741841035731,-43.62175212186926
TOWER,73959,8170,-22.80118830063764,-43.52634878719554
TOWER,73833,8109,-22.8006228278665,-43.52662254782283
TOWER,120536,22154,-22.863017811494718,-43.31638784969554
TOWER,114680,22521,-22.865459217744714,-43.343463224523205
TOWER,114663,22611,-22.8653829237994,-43.34305931540096
TOWER,114663,22573,-22.8653829237994,-43.34322985480813
TOWER,114660,22471,-22.865369460161993,-43.343687618480004
TOWER,24295,32038,-22.90861017563764,-43.749539992388556
TOWER,24285,32250,-22.90856529684628,-43.74858856201172
TOWER,131472,37157,-22.930048774270453,-43.26700771556181
TOWER,103182,9774,-22.808472128475415,-43.39528476490693
TOWER,103116,9646,-22.80817592845244,-43.395859213436346
TOWER,103061,9644,-22.807929095099958,-43.39586818919462
TOWER,117302,28368,-22.889792498420267,-43.32978865679573
TOWER,66945,20244,-22.85408244413488,-43.55653426226447
TOWER,64373,38828,-22.93947780833525,-43.57006970573874
TOWER,54637,23361,-22.868856542250693,-43.61255645751953
TOWER,130575,23954,-22.870373445398666,-43.270611482508045
TOWER,130451,23619,-22.8698169483858,-43.272114922018616
TOWER,43252,34025,-22.91649537927964,-43.66343105540556
TOWER,43250,34118,-22.916486403521372,-43.66301368264591
TOWER,123270,21542,-22.859131308162915,-43.302978066837085
TOWER,100541,7384,-22.79661963967716,-43.40601079604205
TOWER,105525,31581,-22.905154508702896,-43.3835848639993
TOWER,42300,28978,-22.894271401798026,-43.66812986486099
TOWER,73318,18244,-22.84498551312615,-43.527811835793884
TOWER,59135,6907,-22.79569513657514,-43.59305213479435
TOWER,27378,29416,-22.89551903219784,-43.73437993666705
TOWER,27297,29351,-22.895155513987824,-43.73467164881089
TOWER,27276,29567,-22.895061268525964,-43.73370226691751
TOWER,75190,23391,-22.869543187758506,-43.520869086770446
TOWER,116420,27526,-22.88583418902229,-43.33356745102826
TOWER,37363,29320,-22.8954517140108,-43.68993198170381
TOWER,121711,1444,-22.769557728486905,-43.310598485610065
TOWER,121618,1342,-22.769140355727252,-43.31105624928194
TOWER,102226,8913,-22.80418171602137,-43.39914882884306
TOWER,95736,32631,-22.90969175450942,-43.4273416855756
TOWER,146519,34305,-22.916796067181757,-43.19902532240924
TOWER,146546,34327,-22.91691723991843,-43.19892658906824
TOWER,55720,24673,-22.873716915355008,-43.60666836009306
TOWER,86190,36132,-22.926090464872473,-43.47086962531595
TOWER,86153,36147,-22.92592441334444,-43.470802307128906
TOWER,138137,39159,-22.938418668859146,-43.23648116167854
TOWER,74614,28625,-22.892090292537915,-43.522511650534234
TOWER,72325,10445,-22.811806622673487,-43.534090378705194
TOWER,28880,9314,-22.805321637321924,-43.72765709372128
TOWER,40293,6729,-22.793711493997012,-43.6764279533835
TOWER,40186,6766,-22.79323129092946,-43.67626190185547
TOWER,72444,11136,-22.81234068029067,-43.5309892542222
TOWER,72424,11045,-22.81225092270795,-43.53139765122357
TOWER,107735,32925,-22.9114824182847,-43.37396285113166
TOWER,44783,4282,-22.783344493192786,-43.65689221550437
TOWER,44478,4013,-22.781975690056296,-43.65809945499196
TOWER,89044,35699,-22.92453765869141,-43.45845166374655
TOWER,139626,38397,-22.934330210966223,-43.22913001565372
TOWER,58708,7703,-22.79916426714729,-43.5948652379653
TOWER,23510,25441,-22.87815991569968,-43.75221925623276
TOWER,115804,29226,-22.895635717055377,-43.33850411807789
TOWER,94580,41634,-22.951177709242877,-43.43361125272863
TOWER,90303,35623,-22.924802443560434,-43.453407287597656
TOWER,90259,35830,-22.92460497687845,-43.4524782966165
TOWER,90075,35746,-22.92377920711742,-43.45285527846393
TOWER,121348,45099,-22.96539531034582,-43.31214680391199
TOWER,62793,25,-22.76543785544003,-43.5772637759938
TOWER,116628,24929,-22.875996757956113,-43.33445156321806
TOWER,116572,24930,-22.875745436724497,-43.33444707533892
TOWER,116500,24916,-22.8754223094267,-43.334509905646826
TOWER,116493,24962,-22.875390894272748,-43.33430346320657
TOWER,96289,2758,-22.775742025936353,-43.424976573270904
TOWER,96207,2611,-22.7753740198472,-43.4256362915039
TOWER,96142,2592,-22.775082307703357,-43.42572156120749
TOWER,31016,8255,-22.80054653392119,-43.71804854449104
TOWER,98925,31973,-22.906052084530103,-43.41234319350299
TOWER,98871,31920,-22.905809739056757,-43.4125810510972
TOWER,26773,30565,-22.901779623592603,-43.73819912181181
TOWER,26757,30524,-22.901707817526425,-43.73838312485639
TOWER,26698,30528,-22.9014430326574,-43.738365173339844
TOWER,22429,28274,-22.88946488324334,-43.7556614595301
TOWER,8351,30637,-22.90168089025161,-43.82045297061696
TOWER,101050,7857,-22.7989039701574,-43.403888029210705
TOWER,100904,7642,-22.79824873980354,-43.40485292322495
TOWER,100829,7638,-22.79791214886834,-43.40487087474149
TOWER,137596,45825,-22.970098607680377,-43.24067284079159
TOWER,137547,45849,-22.969878701602713,-43.24056513169233
TOWER,137515,45900,-22.969735089470362,-43.24033624985639
TOWER,57629,10558,-22.810478210449222,-43.59820870792164
TOWER,36381,29213,-22.896430071662454,-43.69579763973461
TOWER,103042,42653,-22.955046261058136,-43.39493022245519
TOWER,45513,31750,-22.906895805807675,-43.6538943122415
TOWER,45403,31709,-22.906402139102713,-43.65407831528607
TOWER,75127,22989,-22.86746529971852,-43.52087806252872
TOWER,33641,7683,-22.79796600341797,-43.70625439812155
TOWER,44856,3300,-22.77828665340648,-43.65591385785271
TOWER,64394,15466,-22.833658106186814,-43.569001590504364
TOWER,110796,18340,-22.846233143525964,-43.360431895536536
TOWER,48557,28428,-22.89183448342716,-43.6400806202608
TOWER,87267,36219,-22.925538455738742,-43.46509372486787
TOWER,94280,42900,-22.957011952119714,-43.43511020436006
TOWER,24999,20307,-22.854324789608228,-43.74474244959214
TOWER,97804,4139,-22.782541162827435,-43.41877881218405
TOWER,73458,28269,-22.890492607565488,-43.527699638815484
TOWER,10477,2633,-22.774790595559516,-43.80970001220703
TOWER,123042,32045,-22.90837231804343,-43.3061061185949
TOWER,92351,30642,-22.90168089025161,-43.443448683794806
TOWER,92164,30601,-22.90084165685317,-43.443632686839386
TOWER,123589,16014,-22.837225970099954,-43.3044500911937
TOWER,25646,31702,-22.905697542078357,-43.7420721615062
TOWER,131968,36199,-22.926889307358685,-43.26592164881089
TOWER,131917,36176,-22.926660425522748,-43.26602487003102
TOWER,131901,36215,-22.926588619456574,-43.265849842744714
TOWER,43969,35168,-22.92150834027459,-43.66009656120749
TOWER,117217,2533,-22.774521322811353,-43.330843308392694
TOWER,117940,5645,-22.790332121007584,-43.32944309010225
TOWER,123197,16338,-22.837261873133045,-43.30479117000804
TOWER,122853,16118,-22.83571804271025,-43.30577850341797
TOWER,122819,16175,-22.835565454819626,-43.305522694307214
TOWER,11901,2789,-22.775795880485987,-43.80361444809857
TOWER,11805,2746,-22.775365044088925,-43.80380742690142
TOWER,115933,20516,-22.856721317066867,-43.33810020895565
TOWER,115880,20598,-22.856483459472656,-43.3377322028665
TOWER,115716,20631,-22.85574744729435,-43.33758410285501
TOWER,5714,1879,-22.771366343778727,-43.83103538961971
TOWER,5633,1854,-22.771002825568708,-43.831147586598114
TOWER,145638,36021,-22.925408307243796,-43.20389018339269
TOWER,145671,36055,-22.925556407255286,-43.20373759550206
TOWER,30655,29772,-22.897659750545728,-43.72021619011374
TOWER,55074,397,-22.764903797822843,-43.60970216638901
TOWER,57270,24796,-22.87349252139821,-43.59893574434168
TOWER,68787,27042,-22.8856860890108,-43.549362631405096
TOWER,24977,32438,-22.909875757553998,-43.74594968907973
TOWER,24932,32419,-22.909673802992877,-43.74603495878332
TOWER,83826,22198,-22.86342172061696,-43.48134433521944
TOWER,114722,31683,-22.9069361967199,-43.34363376393037
TOWER,114588,31718,-22.90633482091567,-43.343476688160614
TOWER,116443,16021,-22.83567316391889,-43.334936254164745
TOWER,58120,8703,-22.80191084917854,-43.59576281379251
TOWER,29098,28521,-22.892467274385343,-43.72762567856733
TOWER,125561,33217,-22.914291830623853,-43.295460869284234
TOWER,29359,30482,-22.900819217457492,-43.72600555419922
TOWER,43049,28986,-22.89404251996209,-43.664503658519074
TOWER,55357,24319,-22.87208781522863,-43.608257069307214
TOWER,121910,33089,-22.912267797133502,-43.310396531048944
TOWER,121819,32962,-22.911859400132123,-43.31096649169922
TOWER,141289,37484,-22.93102264404297,-43.22245653937844
TOWER,141248,37470,-22.93083864099839,-43.222519369686346
TOWER,67218,39144,-22.93788461124196,-43.55429032269646
TOWER,135452,45433,-22.967657201430377,-43.24961269603056
TOWER,28420,12372,-22.81761842615464,-43.728294372558594
TOWER,93774,44702,-22.963716843548944,-43.435998804429
TOWER,96696,33287,-22.91400011848001,-43.424397636862366
TOWER,94180,41971,-22.951177709242877,-43.433893989114196
TOWER,35345,7385,-22.796637591193708,-43.69861602783203
TOWER,35257,7418,-22.796242657829737,-43.698467927820545
TOWER,10769,20563,-22.856882880715766,-43.81001416374656
TOWER,88678,30307,-22.89955812342027,-43.45931333654067
TOWER,88580,30308,-22.89911831126494,-43.459308848661536
TOWER,25556,30782,-22.90170332964729,-43.74261070700253
TOWER,93652,31992,-22.90572446935317,-43.43559489530675
TOWER,76295,27836,-22.888863507439112,-43.515281677246094
TOWER,56527,13495,-22.82348408418543,-43.60297932344324
TOWER,92142,35649,-22.924079895019535,-43.44431484446806
TOWER,39326,30978,-22.902466269100415,-43.680695926441864
TOWER,26028,29595,-22.894845850327435,-43.73896206126493
TOWER,107131,14212,-22.827989914838007,-43.37716270895565
TOWER,116754,31861,-22.907079808852252,-43.3338591631721
TOWER,98977,6510,-22.793190900017233,-43.413523505715766
TOWER,94355,31265,-22.905289145076974,-43.43526728012982
TOWER,116852,27225,-22.88597780115464,-43.3331231509938
TOWER,116819,27277,-22.885829701143155,-43.33288978127872
TOWER,117953,4514,-22.785005008473117,-43.329133426441864
TOWER,59292,12131,-22.817941553452435,-43.59114927404067
TOWER,23371,5894,-22.789573669433594,-43.751981398638556
TOWER,78889,28029,-22.889734155991498,-43.50364460664637
TOWER,78841,28108,-22.88951873779297,-43.50329006419462
TOWER,124908,19471,-22.850326089298026,-43.2961160996381
TOWER,124874,19545,-22.8501735014074,-43.29578399658203
TOWER,73401,9323,-22.80586467069738,-43.52835486916934
TOWER,73377,9230,-22.805756961598117,-43.528772241929
TOWER,128206,35563,-22.92257196762983,-43.28134200152228
TOWER,35944,29575,-22.89626402013442,-43.69596817914177
TOWER,44561,28844,-22.893647586598117,-43.657960330738746
TOWER,144792,36261,-22.92699701645795,-43.20819854736328
TOWER,80928,31145,-22.90247524485869,-43.49325067856733
TOWER,80879,31099,-22.90225533878102,-43.49345712100759
TOWER,79112,23054,-22.867397981531482,-43.502634833840766
TOWER,90448,30153,-22.898525911218982,-43.45102871165556
TOWER,55916,17141,-22.84048865823185,-43.60636318431181
TOWER,26509,7481,-22.79647602754481,-43.73767852783203
TOWER,97674,4781,-22.783752890194165,-43.41769274543313
TOWER,32826,30290,-22.89842717787799,-43.70891571044921
TOWER,134293,24193,-22.87269816679113,-43.255177666159234
TOWER,145186,36331,-22.926970089183136,-43.20608924416935
TOWER,145174,36235,-22.926916234633502,-43.206520080566406
TOWER,145098,36388,-22.926575155819165,-43.205833435058594
TOWER,44462,35835,-22.92372086468865,-43.65710314582376
TOWER,64041,39721,-22.94157813577091,-43.56965233297909
TOWER,74955,37263,-22.93131884406595,-43.52144353529986
TOWER,74931,37221,-22.931211134966684,-43.52163202622357
TOWER,88498,30719,-22.900545456830194,-43.45925948199104
TOWER,23139,33484,-22.914193097282862,-43.753821429084326
TOWER,99270,6156,-22.79091554529527,-43.411521911621094
TOWER,102096,3624,-22.780261320226334,-43.39954825008616
TOWER,49309,2396,-22.773139056037454,-43.63483877742992
TOWER,49227,2380,-22.7727710499483,-43.634910583496094
TOWER,40490,31598,-22.904099857105926,-43.6743231380687
TOWER,94197,775,-22.76635338278378,-43.43387603759765
TOWER,94129,752,-22.76604820700253,-43.43397925881778
TOWER,117552,38829,-22.939383562873395,-43.33131004782284
TOWER,25300,31277,-22.904144735897287,-43.74397951013901
TOWER,74967,26194,-22.88110845229205,-43.52085562313304
TOWER,76314,2505,-22.775854222914752,-43.515869589412915
TOWER,76289,2415,-22.775742025936353,-43.516273498535156
TOWER,129306,22500,-22.864678326775046,-43.277136858771826
TOWER,66634,39170,-22.938853993135343,-43.55776394114775
TOWER,66604,39090,-22.93871935676126,-43.558122971478625
TOWER,31691,8396,-22.799985549029184,-43.713825450224036
TOWER,31621,8376,-22.79967139748966,-43.71391520780676
TOWER,116999,10663,-22.811241149902347,-43.332055035759424
TOWER,111910,32782,-22.91047264547909,-43.354857949649585
TOWER,96749,34793,-22.919623431037458,-43.42302434584674
TOWER,96750,34737,-22.919627918916593,-43.42327566707836
TOWER,96709,34638,-22.919443915872016,-43.423719967112824
TOWER,96706,34535,-22.919430452234607,-43.42418221866384
TOWER,96469,34470,-22.918366824879367,-43.42447393080768
TOWER,96425,34566,-22.91816935819738,-43.42404309441062
TOWER,117123,31755,-22.906940684599036,-43.332539726706116
TOWER,95850,2327,-22.773771846995636,-43.42691084917853
TOWER,95791,2231,-22.77350706212661,-43.4273416855756
TOWER,95676,2199,-22.772990956025964,-43.427485297707946
TOWER,68683,23166,-22.867267833036536,-43.54880613439223
TOWER,68428,23187,-22.86612342385685,-43.54871188893038
TOWER,144426,36679,-22.92714960434858,-43.20811776553883
TOWER,144420,36501,-22.92712267707376,-43.20891660802505
TOWER,23001,32906,-22.911778618307675,-43.75462027157054
TOWER,112756,20788,-22.856824538286997,-43.35124071906595
TOWER,112472,20535,-22.855549980612363,-43.352376152487366
TOWER,127668,21034,-22.857327180750232,-43.28371608958525
TOWER,127624,21102,-22.857129714068247,-43.283410913804
TOWER,54195,27174,-22.88482441621668,-43.61339569091797
TOWER,77213,34,-22.76373246136834,-43.510802773868335
TOWER,67240,29129,-22.89310455322266,-43.5543576408835
TOWER,144168,36423,-22.92778688318589,-43.21106181425207
TOWER,144131,36448,-22.927620831657862,-43.21094961727367
TOWER,48634,37773,-22.933468538172107,-43.63942987778607
TOWER,48600,37757,-22.933315950281482,-43.639501683852245
TOWER,134621,44174,-22.962132622213925,-43.253467784208404
TOWER,134533,44233,-22.961737688849954,-43.25320299933938
TOWER,146302,34884,-22.921207652372473,-43.20181229535271
TOWER,146300,34951,-22.9211986766142,-43.20151160745059
TOWER,83199,29965,-22.898306005141315,-43.48418516271255
TOWER,74207,37251,-22.93155221378102,-43.52508769315832
TOWER,59962,12265,-22.81915328081916,-43.58875274658203
TOWER,72567,8373,-22.80032662784352,-43.530823202694165
TOWER,96971,35240,-22.922414891860065,-43.422813415527344
TOWER,96948,35278,-22.92231167063994,-43.42264287612018
TOWER,96914,35332,-22.922159082749314,-43.42240053064683
TOWER,96851,35468,-22.921876346363742,-43.42179017908433
TOWER,118848,10557,-22.810563480152805,-43.323554992675774
TOWER,134760,50777,-22.991478863884424,-43.25255674474379
TOWER,115484,23956,-22.870862624224497,-43.33881826961742
TOWER,115512,23905,-22.870988284840305,-43.33904715145336
TOWER,115426,23971,-22.870602327234604,-43.33875095143038
TOWER,95981,28618,-22.89283976835363,-43.427400028004364
TOWER,75364,29113,-22.893661050235526,-43.51852641386144
TOWER,60846,3150,-22.776446622960712,-43.58298582189224
TOWER,74047,19978,-22.85184748032514,-43.523620156680835
TOWER,71452,37991,-22.933549319996555,-43.536127875832946
TOWER,120504,33170,-22.911343294031482,-43.31541846780216
TOWER,70425,27904,-22.88765178007238,-43.540108624626605
TOWER,117289,8189,-22.79997657327091,-43.33059198716108
TOWER,117251,8277,-22.799806033863742,-43.33019705379711
TOWER,117220,8161,-22.799666909610526,-43.330717647776886
TOWER,117044,8671,-22.80246734619141,-43.33201913272634
TOWER,116901,8664,-22.801825579474958,-43.332050547880286
TOWER,59718,5647,-22.789335811839386,-43.589731104233685
TOWER,81475,36433,-22.92826708625345,-43.49285574520336
TOWER,109141,31433,-22.90522631476907,-43.368092705221734
TOWER,109088,31442,-22.904988457174863,-43.36805231430951
TOWER,109021,31439,-22.904687769272748,-43.36806577794692
TOWER,108879,31336,-22.90405049043543,-43.36852802949793
TOWER,56087,14910,-22.83048517563764,-43.605604732737824
TOWER,104204,11402,-22.81485389260685,-43.38977364932789
TOWER,104159,11458,-22.814651938045728,-43.38952232809628
TOWER,72109,12249,-22.818017847397748,-43.533174851361444
TOWER,72023,12166,-22.81763188979205,-43.53354734532974
TOWER,87465,30325,-22.8994997809915,-43.464618009679455
TOWER,87247,30270,-22.898521423339847,-43.46486484303193
TOWER,117733,4927,-22.785812826717603,-43.3290750840131
TOWER,34553,29857,-22.897201986873853,-43.70188320384306
TOWER,34532,29803,-22.897107741411997,-43.702125549316406
TOWER,29423,8789,-22.802373100729554,-43.724627775304455
TOWER,122325,33047,-22.912335115320545,-43.30878987031824
TOWER,122253,33068,-22.912011988022748,-43.30869562485639
TOWER,116898,24455,-22.873618182014017,-43.332988514619714
TOWER,57105,12525,-22.820692623362824,-43.601947111241955
TOWER,22630,5428,-22.78804330264821,-43.755867901970355
TOWER,22538,5411,-22.787630417767694,-43.75594419591567
TOWER,96787,34245,-22.917998818790213,-43.42368855195887
TOWER,43539,33683,-22.91598824893727,-43.66317075841567
TOWER,117116,25631,-22.879981994628906,-43.33309622371898
TOWER,117114,25686,-22.879973018870633,-43.3328493903665
TOWER,117136,25745,-22.880071752211627,-43.33258460549747
TOWER,116867,25687,-22.878864512724036,-43.332844902487366
TOWER,116833,25627,-22.87871192483341,-43.33311417523553
TOWER,29089,9832,-22.808054755715766,-43.72712752398323
TOWER,45835,2455,-22.775499680463007,-43.652525509105004
TOWER,45772,2424,-22.77521694407744,-43.65266463335822
TOWER,61424,23899,-22.870593351476334,-43.58141955207376
TOWER,23723,24181,-22.871935227338007,-43.75069337732651
TOWER,133154,43595,-22.959139206830194,-43.25965656953699
TOWER,87687,30542,-22.9004960901597,-43.46364413990694
TOWER,118000,5268,-22.788806242101334,-43.32933986888212
TOWER,117741,5292,-22.7876438814051,-43.329232159782855
TOWER,117737,5241,-22.787625929888556,-43.32946104161879
TOWER,121588,21321,-22.86055845372817,-43.312945646398205
TOWER,65175,17197,-22.840753443100873,-43.56482337502872
TOWER,99949,41299,-22.950141009162458,-43.409982569077435
TOWER,72707,15984,-22.835062812356387,-43.53077383602367
TOWER,95435,32561,-22.910136054543887,-43.42945098876953
TOWER,95399,32659,-22.909974490894992,-43.429011176614196
TOWER,51444,27709,-22.888634625603174,-43.6271510404699
TOWER,36981,29965,-22.89732764748966,-43.6906276029699
TOWER,36937,29983,-22.897130180807675,-43.690546821145446
TOWER,57865,38223,-22.935402814079733,-43.5979169957778
TOWER,68903,38531,-22.93647092931411,-43.54806563433478
TOWER,68871,38498,-22.936327317181757,-43.54821373434628
TOWER,6243,1810,-22.77194528018727,-43.82954990162569
TOWER,6158,1725,-22.77156381046071,-43.82993137135225
TOWER,97278,3657,-22.780180538401886,-43.42094196992762
TOWER,113954,32227,-22.908874960506665,-43.34657781264361
TOWER,95114,39232,-22.941008175120633,-43.43182507683249
TOWER,113983,32604,-22.91080026065602,-43.34668103386374
TOWER,134127,49042,-22.98325258142808,-43.25495776008157
TOWER,25883,29188,-22.894195107852713,-43.7407886280733
TOWER,141142,41045,-22.948314442354093,-43.22442671831916
TOWER,25356,19383,-22.850541507496555,-43.7435037949506
TOWER,118631,23816,-22.870624766630286,-43.32508535946116
TOWER,72513,5458,-22.78751822078929,-43.531339308794806
TOWER,68727,24270,-22.872850754681757,-43.54923697078929
TOWER,131685,37097,-22.929209540872016,-43.26548183665556
TOWER,145998,35490,-22.923433640423944,-43.202682943905096
TOWER,102904,10184,-22.80901964973001,-43.395239886115576
TOWER,102822,10180,-22.808651643640854,-43.39525783763212
TOWER,60288,4396,-22.782918144674863,-43.5863696827608
TOWER,131594,39971,-22.94316235710593,-43.266944885253906
TOWER,33912,29888,-22.897915559656482,-43.70533438289867
TOWER,27236,30373,-22.898472056669352,-43.733675339642694
TOWER,116589,13862,-22.82555748434628,-43.33385467529296
TOWER,116555,13906,-22.825404896455655,-43.33365720861098
TOWER,117460,7067,-22.795358545639935,-43.330241932588464
TOWER,117460,7113,-22.795358545639935,-43.330035490148205
TOWER,122432,15853,-22.83382864559398,-43.30696779138901
TOWER,55757,16729,-22.83797993379481,-43.606417038861444
TOWER,117171,26015,-22.8820239796358,-43.333168029785156
TOWER,117013,26037,-22.88131489473231,-43.333069296444165
TOWER,142328,37022,-22.93030009550207,-43.219144484576056
TOWER,142257,37095,-22.929981456083414,-43.21881686939913
TOWER,142199,37130,-22.929721159093525,-43.218659793629364
TOWER,56580,25589,-22.877576491411997,-43.602557462804455
TOWER,124341,32967,-22.91240692138672,-43.30017314237707
TOWER,124260,33095,-22.9120434031767,-43.299598693847656
TOWER,129876,23002,-22.867236417882584,-43.27488394344554
TOWER,129811,23022,-22.866944705738742,-43.27479418586282
TOWER,80490,23187,-22.86640167236328,-43.49485733929802
TOWER,119895,1498,-22.770383498247934,-43.31933189840878
TOWER,121059,41798,-22.951532251694623,-43.31439523135914
TOWER,58739,11369,-22.815459756290213,-43.59456903794233
TOWER,102990,42858,-22.956608042997473,-43.39580535888671
TOWER,67601,24199,-22.873182857737824,-43.554941065171185
TOWER,117468,2315,-22.773852628820084,-43.330026514389935
TOWER,117462,2362,-22.773825701545267,-43.329815584070545
TOWER,134999,27772,-22.888432671042054,-43.25168160831227
TOWER,134993,27836,-22.888405743767237,-43.25139438404756
TOWER,28184,30137,-22.899136262781482,-43.731144175809966
TOWER,28143,30143,-22.898952259736905,-43.73111724853515
TOWER,13486,2737,-22.775728562298944,-43.796667211196
TOWER,67591,20653,-22.856981614056757,-43.55469871969784
TOWER,23767,31803,-22.906240575453815,-43.75059464398552
TOWER,135698,38134,-22.934653338264017,-43.248261844410614
TOWER,135641,38142,-22.934397529153262,-43.24822594137753
TOWER,135629,38188,-22.93434367460363,-43.24801949893727
TOWER,95466,36455,-22.928226695341223,-43.429926703957946
TOWER,126788,33618,-22.916208155014935,-43.290070926441864
TOWER,126448,33846,-22.914682276108685,-43.28904768999885
TOWER,113038,21035,-22.858090120203357,-43.35013221291935
TOWER,112960,21088,-22.857740065630747,-43.34989435532514
TOWER,112923,21096,-22.857574014102713,-43.34985845229205
TOWER,96576,2941,-22.777030047248395,-43.42415529138902
TOWER,62108,955,-22.767749113195084,-43.57847550336052
TOWER,65162,38657,-22.93763329001034,-43.56545167810777
TOWER,65143,38702,-22.937548020306757,-43.56524972354665
TOWER,96453,35988,-22.92368047377643,-43.42304678524242
TOWER,70770,27259,-22.8874049467199,-43.541208155014935
TOWER,70625,27505,-22.886754204245175,-43.54010413674747
TOWER,86888,30573,-22.900500578038834,-43.46709531896254
TOWER,51265,1867,-22.77114643770106,-43.626441955566406
TOWER,53400,29289,-22.895617765538834,-43.61826503978055
TOWER,125701,20274,-22.853884977452896,-43.292512332691864
TOWER,117402,7424,-22.79689340030446,-43.330434911391315
TOWER,117254,7446,-22.79622919419233,-43.330336178050324
TOWER,123598,16601,-22.839061512666593,-43.30361085779526
TOWER,123568,16654,-22.83892687629251,-43.303373000201056
TOWER,11113,20353,-22.854836407829733,-43.8073663150563
TOWER,18122,33528,-22.913219227510343,-43.775165782255286
TOWER,53327,1180,-22.767834382898666,-43.61695906695197
TOWER,117722,28634,-22.8916774076574,-43.328594880945545
TOWER,121058,47090,-22.974864735322843,-43.313982346478625
TOWER,22190,33453,-22.913524403291593,-43.75755085664637
TOWER,27022,29281,-22.895716498879825,-43.73678095200483
TOWER,26815,29349,-22.894787507898666,-43.73647577622358
TOWER,92071,31356,-22.904014587402344,-43.44383464140051
TOWER,76475,23236,-22.868129505830655,-43.51438410141889
TOWER,76465,23325,-22.868084627039295,-43.51398468017578
TOWER,79998,36731,-22.92881909538718,-43.498698963838464
TOWER,131267,41439,-22.948875427246097,-43.26753728529986
TOWER,131257,41548,-22.948830548454737,-43.267048106474036
TOWER,95366,1889,-22.7715997134938,-43.42887654024012
TOWER,95344,1822,-22.771500980152805,-43.42917722814223
TOWER,21023,33553,-22.913672503303083,-43.762487523696
TOWER,115589,29858,-22.898261126349954,-43.33925808177275
TOWER,94339,30931,-22.90342218735639,-43.43497108010684
TOWER,40119,32338,-22.9078203089097,-43.67638756247128
TOWER,44825,3694,-22.779942680807675,-43.65594078512753
TOWER,126910,33268,-22.91316537296071,-43.28805138083065
TOWER,117825,2064,-22.773659650017233,-43.32935782039867
TOWER,24211,27861,-22.888486525591684,-43.74853919534122
TOWER,77984,25997,-22.880287170410156,-43.50737852208754
TOWER,82865,30383,-22.898602205164295,-43.4841043808881
TOWER,20182,32674,-22.90989819694968,-43.766432369456574
TOWER,98717,4944,-22.78663859647863,-43.41516606947955
TOWER,98658,4836,-22.786373811609607,-43.41565076042624
TOWER,98630,4886,-22.7862481509938,-43.41542636646943
TOWER,101363,8069,-22.800308676326978,-43.40293659883387
TOWER,101354,8131,-22.800268285414752,-43.402658350327435
TOWER,101311,8068,-22.800075306611905,-43.40294108671301
TOWER,61668,13228,-22.823219299316406,-43.58084061566521
TOWER,105422,12640,-22.82032012939453,-43.38421765495749
TOWER,103520,10104,-22.80998903162339,-43.393803764792054
TOWER,103392,10067,-22.80941458309398,-43.39396981632009
TOWER,103345,10052,-22.80920365277459,-43.39403713450712
TOWER,74754,6200,-22.7921901029699,-43.52262384751264
TOWER,74729,6107,-22.7920779059915,-43.52304122027229
TOWER,113577,21601,-22.860509087057675,-43.34759207332836
TOWER,109137,31001,-22.903413211598117,-43.36823631735409
TOWER,77985,25046,-22.87670135498047,-43.508056191837085
TOWER,23819,22348,-22.863390305463007,-43.7499439015108
TOWER,77141,36848,-22.93035843793084,-43.512535095214844
TOWER,71188,37822,-22.934159671559055,-43.538681479061346
TOWER,48632,2227,-22.773691065171185,-43.639187532312725
TOWER,48563,2162,-22.7733814015108,-43.63947924445657
TOWER,93812,43952,-22.96029707964729,-43.43577441047219
TOWER,441,3564,-22.77821933521944,-43.8539908914005
TOWER,3406,28318,-22.890259237850415,-43.841631272259875
TOWER,54036,23119,-22.86615932688994,-43.61364252427045
TOWER,64740,36087,-22.926763646742877,-43.5680097692153
TOWER,112908,32974,-22.911361245548026,-43.35040597354664
TOWER,117962,38993,-22.939428441664752,-43.32877888399012
TOWER,71588,12944,-22.822860268985526,-43.53723638197955
TOWER,123062,33397,-22.913847530589386,-43.30542396096622
TOWER,123011,33515,-22.91361864875345,-43.30489439122817
TOWER,80775,36445,-22.92871587416705,-43.49639219396254
TOWER,80741,36543,-22.928563286276425,-43.49595238180721
TOWER,19037,33037,-22.911940181956574,-43.77198387594784
TOWER,71783,13364,-22.82373540541705,-43.53535147274242
TOWER,71720,13260,-22.82345266903148,-43.535818212172565
TOWER,107800,29585,-22.895617765538834,-43.37279600255629
TOWER,76498,1496,-22.769499386058136,-43.51321725284352
TOWER,76430,1415,-22.769194210276886,-43.51358077105354
TOWER,72899,10478,-22.810792361988742,-43.53035197538488
TOWER,121248,31787,-22.905706517836627,-43.312649446375225
TOWER,119975,11359,-22.81562131993911,-43.319955713608685
TOWER,100346,6441,-22.793949351591223,-43.40844771441291
TOWER,130146,35685,-22.92409784653608,-43.27361387365004
TOWER,130097,35726,-22.923877940458414,-43.27342987060546
TOWER,79000,29592,-22.895617765538834,-43.50201550651999
TOWER,119026,34709,-22.919071421903723,-43.3228728350471
TOWER,71515,14598,-22.829713260426242,-43.5369940365062
TOWER,71516,14630,-22.829717748305377,-43.536850424373846
TOWER,26339,30976,-22.90342218735639,-43.73994490679572
TOWER,26293,30935,-22.90321574491613,-43.7401289098403
TOWER,133739,24142,-22.872007033404184,-43.257201699649585
TOWER,133733,24237,-22.871980106129367,-43.256775351131665
TOWER,98148,32023,-22.907950457404645,-43.41750425450942
TOWER,68478,22525,-22.864552666159238,-43.54988771326401
TOWER,71871,27722,-22.888755798339847,-43.53553996366613
TOWER,39016,6432,-22.79336592730354,-43.683146308450134
TOWER,38932,6446,-22.792988945456113,-43.68308347814223
TOWER,75637,37256,-22.930789274327896,-43.51788464714499
TOWER,74161,28431,-22.891852434943704,-43.52517745074104
TOWER,132751,37311,-22.93219846837661,-43.26272627886603
TOWER,132746,37267,-22.93217602898093,-43.26292374554802
TOWER,80262,30423,-22.901281469008502,-43.498286078957946
TOWER,80199,30554,-22.900998732622934,-43.497698166791125
TOWER,20435,4556,-22.78357786290786,-43.76516678754021
TOWER,103287,10660,-22.810738507439112,-43.39310365564683
TOWER,103248,10695,-22.810563480152805,-43.39294657987707
TOWER,22751,32898,-22.91245180017808,-43.756451326258045
TOWER,76771,36894,-22.93049307430492,-43.514123804429
TOWER,133900,43879,-22.96069201301126,-43.256586860207946
TOWER,133825,43790,-22.96035542207606,-43.256986281451056
TOWER,133777,43846,-22.96014000387753,-43.25673496021944
TOWER,97151,34478,-22.919632406795728,-43.42264287612018
TOWER,97120,34558,-22.91949328254251,-43.422283845789295
TOWER,100336,7127,-22.795699624454276,-43.407164180980004
TOWER,100267,7111,-22.79538996079389,-43.407235987046185
TOWER,100229,7104,-22.79521942138672,-43.407267402200134
TOWER,72835,17327,-22.841022715849036,-43.530132069307214
TOWER,114919,21909,-22.861146365894992,-43.34082435159122
TOWER,114914,21949,-22.861123926499314,-43.34064483642578
TOWER,96656,34961,-22.921001209932214,-43.4240655338063
TOWER,133724,24997,-22.875530018525964,-43.25695486629711
TOWER,77647,25391,-22.876979603486905,-43.50830302518956
TOWER,118319,28992,-22.894356671501612,-43.326988220214844
TOWER,118278,29076,-22.894172668457035,-43.32661123836741
TOWER,41664,6164,-22.790888618020453,-43.6699878468233
TOWER,25993,31245,-22.905459684484146,-43.742327970616955
TOWER,68263,26874,-22.88512959199793,-43.551911746754364
TOWER,68251,26832,-22.8850757374483,-43.552100237678076
TOWER,3814,2338,-22.773610283346738,-43.83974636302275
TOWER,116452,25996,-22.878797194536993,-43.33325329948874
TOWER,117704,9119,-22.803634194766776,-43.32821341121898
TOWER,57949,10103,-22.81011918011834,-43.59845554127412
TOWER,73867,16989,-22.840268752154184,-43.526263517491955
TOWER,73745,16891,-22.83972123089959,-43.52670332964728
TOWER,73732,17001,-22.83966288847082,-43.52620966294232
TOWER,28782,30277,-22.900024862850415,-43.72872072107652
TOWER,28765,30345,-22.899948568905103,-43.72841554529527
TOWER,73034,15638,-22.83473519717946,-43.53053149055032
TOWER,94604,52376,-22.99795936135685,-43.43207639806411
TOWER,105979,13163,-22.8228198780733,-43.38187049416935
TOWER,103508,30978,-22.903283063103174,-43.39347166173599
TOWER,59747,23679,-22.87024778478286,-43.58958749210133
TOWER,85690,30485,-22.900509553797104,-43.47287570728975
TOWER,85722,30484,-22.90065316592946,-43.47288019516889
TOWER,128305,20130,-22.854800504796646,-43.28238767736098
TOWER,32135,30358,-22.89891635670382,-43.71220083797679
TOWER,32112,30317,-22.89881313548369,-43.71238484102137
TOWER,32079,30264,-22.8986650354722,-43.712622698615576
TOWER,45623,36570,-22.92713614071117,-43.652009403004364
TOWER,43918,5091,-22.78664308435777,-43.660442127900964
TOWER,43827,5103,-22.78623468735639,-43.66038827335133
TOWER,52196,37818,-22.93329799876494,-43.62307155833525
TOWER,41947,5814,-22.790363536161536,-43.6697634528665
TOWER,112746,20165,-22.854984507841223,-43.35224151611328
TOWER,112677,20162,-22.854674844180835,-43.35225497975069
TOWER,135011,27278,-22.88669137393727,-43.252103468951056
TOWER,134950,27291,-22.886417613309973,-43.25204512652228
TOWER,134887,27254,-22.886134876924405,-43.25221117805032
TOWER,104922,12051,-22.818076189826517,-43.38686101576861
TOWER,104879,12051,-22.817883211023666,-43.38686101576861
TOWER,117263,381,-22.76395685532514,-43.329730314366955
TOWER,119983,30631,-22.901824502383963,-43.319632586310895
TOWER,119941,30716,-22.901636011460248,-43.31925111658433
TOWER,93928,29895,-22.897987365722656,-43.436030219582946
TOWER,93717,29997,-22.897040423224954,-43.43557245591107
TOWER,118839,30793,-22.900280671961166,-43.322495853199676
TOWER,29646,29766,-22.8967217838063,-43.72383342069738
TOWER,125079,35093,-22.921104431152344,-43.2960173662971
TOWER,124771,20602,-22.856891856474036,-43.29822091495289
TOWER,29057,10307,-22.809706295237824,-43.72679093304802
TOWER,111225,33068,-22.910988751579733,-43.35716471952551
TOWER,96131,28526,-22.891717798569626,-43.42601776123046
TOWER,65691,39046,-22.93821222641889,-43.56191074146944
TOWER,65671,39104,-22.93812246883617,-43.56165044447955
TOWER,97041,3358,-22.779116911046646,-43.422283845789295
TOWER,96980,3378,-22.77884315041935,-43.422194088206574
TOWER,107889,30888,-22.90319779339959,-43.37412890265969
TOWER,124300,17809,-22.844007155474493,-43.29998465145336
TOWER,124265,17857,-22.843850079704733,-43.29976923325483
TOWER,43015,33372,-22.913636600269992,-43.66456648882698
TOWER,42925,33370,-22.91323269114775,-43.66457546458525
TOWER,73450,8736,-22.802494273466227,-43.52739895091337
TOWER,72484,8681,-22.801749285529645,-43.531236087574676
TOWER,47959,2093,-22.774261025821463,-43.64337921142578
TOWER,47885,2038,-22.773928922765396,-43.64362604477826
TOWER,125397,20293,-22.854315813849954,-43.29422221464269
TOWER,73918,18612,-22.84767824060777,-43.526160296271826
TOWER,94952,29316,-22.895402347340305,-43.431448094985065
TOWER,95617,35490,-22.921723758473117,-43.42707690070657
TOWER,119067,33893,-22.915665121639478,-43.322944641113274
TOWER,126282,34261,-22.91752759148093,-43.29077552346622
TOWER,126166,34299,-22.91700699750115,-43.29060498405906
TOWER,126125,34351,-22.916822994456574,-43.29037161434398
TOWER,26353,17294,-22.842449861414295,-43.740312912884875
TOWER,132580,43438,-22.958358315860526,-43.26215631821576
TOWER,132631,43434,-22.958587197696463,-43.262174269732306
TOWER,132472,43405,-22.957873624913834,-43.262304418227245
TOWER,117231,39282,-22.939738105325137,-43.33107219022863
TOWER,117370,7871,-22.798544939826517,-43.330223981071924
TOWER,117315,7801,-22.798298106474036,-43.330538132611444
TOWER,117537,5997,-22.790318657370175,-43.32965850830078
TOWER,117795,3419,-22.778910468606387,-43.32866219913258
TOWER,26287,16794,-22.838563358082492,-43.73896654914407
TOWER,60205,4821,-22.786135954015396,-43.5880526374368
TOWER,128906,35618,-22.923918331370636,-43.27930001651539
TOWER,128849,35631,-22.92366252225988,-43.27924167408663
TOWER,25625,17978,-22.842772988712085,-43.740833506864654
TOWER,86951,30155,-22.898988162769992,-43.46717610078699
TOWER,86833,30196,-22.898458593031943,-43.46699209774241
TOWER,116738,13183,-22.822635875028723,-43.333311641917504
TOWER,116730,13145,-22.822599971995636,-43.333482181324676
TOWER,75125,29040,-22.89438359877643,-43.520649180692786
TOWER,11300,2469,-22.77489381677964,-43.80684572107651
TOWER,107598,32351,-22.90907242718865,-43.37474374210133
TOWER,66879,29548,-22.895074732163373,-43.556067522834326
TOWER,72365,27712,-22.88917765897863,-43.53378969080308
TOWER,24298,6348,-22.791938781738285,-43.74814874985639
TOWER,24196,6335,-22.79148101806641,-43.748207092285156
TOWER,121459,14465,-22.829461939194623,-43.31319696762982
TOWER,84335,29724,-22.898018780876612,-43.479881286621094
TOWER,99482,5661,-22.790071824017694,-43.41194826013902
TOWER,50643,1930,-22.77194528018727,-43.629749522489654
TOWER,50557,1905,-22.771559322581574,-43.62986171946806
TOWER,96279,35079,-22.921104431152344,-43.42533111572265
TOWER,79628,37152,-22.92895373176126,-43.498604718376605
TOWER,116040,16387,-22.835659700281482,-43.33508884205538
TOWER,125117,18948,-22.84946890438304,-43.296668108771826
TOWER,125092,19011,-22.84935670740464,-43.296385372386254
TOWER,53737,31145,-22.90251563577091,-43.61532099106733
TOWER,44839,32441,-22.909256430233224,-43.656178642721734
TOWER,23765,33353,-22.913412206313193,-43.75081903794232
TOWER,23714,33375,-22.913183324477256,-43.75072030460133
TOWER,23691,33333,-22.913080103257126,-43.75090879552504
TOWER,17589,33260,-22.91441749123966,-43.779958837172565
TOWER,22897,33676,-22.914902182186353,-43.75475490794462
TOWER,22832,33869,-22.914610470042508,-43.75388874727137
TOWER,55008,26606,-22.88308760699104,-43.610559351304
TOWER,41183,6232,-22.792320251464847,-43.67327297435087
TOWER,41068,6301,-22.791804145364203,-43.672963310690484
TOWER,129262,35997,-22.92372086468865,-43.275803958668426
TOWER,134724,37509,-22.932077295639935,-43.25286192052504
TOWER,134656,37281,-22.931772119858685,-43.25388515696806
TOWER,118895,33097,-22.911302903119257,-43.322926689596734
TOWER,118819,33071,-22.91096182430492,-43.32304337445427
TOWER,98370,4651,-22.78508130241843,-43.416481018066406
TOWER,98195,4420,-22.784295923569623,-43.417517718146826
TOWER,98157,4430,-22.784125384162454,-43.41747283935547
TOWER,26025,17054,-22.839182685403262,-43.739594852223114
TOWER,13344,32038,-22.9079325058881,-43.79800908705767
TOWER,4787,1908,-22.772591534782862,-43.83629069608801
TOWER,68195,26274,-22.88123411290786,-43.55101417092716
TOWER,140335,46110,-22.971619998707492,-43.22862288531135
TOWER,86648,30397,-22.89942348704619,-43.467885185690484
TOWER,16295,33021,-22.912200478946463,-43.7846217435949
TOWER,95985,35103,-22.921580146340762,-43.4270185582778
TOWER,113683,33031,-22.911249048569623,-43.34655986112707
TOWER,21940,28363,-22.89086061365464,-43.75885234159582
TOWER,51867,37848,-22.933616638183597,-43.62473207361558
TOWER,46431,28851,-22.893064162310434,-43.648953157312725
TOWER,97171,30881,-22.903565799488742,-43.42262941248277
TOWER,20710,4103,-22.783016878015854,-43.76540464513442
TOWER,57528,11049,-22.8136152379653,-43.599595462574676
TOWER,109749,17956,-22.843329485724954,-43.36395039277918
TOWER,109708,17813,-22.843145482680377,-43.36459215949563
TOWER,134452,25491,-22.877002042882584,-43.25294270234949
TOWER,134425,25548,-22.87688087014591,-43.25268689323874
TOWER,110516,18672,-22.84677168902229,-43.360737071317786
TOWER,110496,18617,-22.84668193143957,-43.36098390467027
TOWER,110479,18461,-22.846605637494257,-43.36168401381549
TOWER,110473,18503,-22.84657871021944,-43.36149552289177
TOWER,71577,27333,-22.887436361873853,-43.53728574865004
TOWER,134994,26846,-22.884819928337546,-43.252247081083404
TOWER,108419,16790,-22.83736060647404,-43.369183259851795
TOWER,107811,28516,-22.892076828900507,-43.374003242043884
TOWER,121862,31789,-22.906666923971738,-43.31084531896255
TOWER,121844,31831,-22.90658614214729,-43.31065682803884
TOWER,121692,31689,-22.905903984518613,-43.31129410687615
TOWER,117990,8025,-22.801327424890857,-43.32953284768497
TOWER,117982,8075,-22.801291521857767,-43.32930845372817
TOWER,117956,8121,-22.801174837000232,-43.329102011287915
TOWER,47562,28795,-22.892754498650046,-43.64381902358111
TOWER,24248,33113,-22.91198954862707,-43.74830582562615
TOWER,24284,33138,-22.912151112275968,-43.74819362864775
TOWER,21239,33521,-22.91284673354205,-43.76083598417394
TOWER,125195,34337,-22.9180347218233,-43.29581989961512
TOWER,125167,34374,-22.917909061207492,-43.295653848087085
TOWER,56586,25098,-22.8758082670324,-43.602965859805835
TOWER,97747,32359,-22.907945969525507,-43.41779147877413
TOWER,97736,32318,-22.90789660285501,-43.4179754818187
TOWER,146245,34789,-22.91915669160731,-43.200443492216216
TOWER,103328,2307,-22.77322432574104,-43.392892725327435
TOWER,64363,38695,-22.937637777889478,-43.56887144200942
TOWER,64177,38689,-22.936803032370175,-43.568898369284234
TOWER,64228,38694,-22.937031914206113,-43.568875929888556
TOWER,16354,2548,-22.776033738080194,-43.784949358771826
TOWER,52612,1397,-22.77001100427964,-43.621370652142694
TOWER,52539,1366,-22.769683389102713,-43.62150977639591
TOWER,23410,26070,-22.8813014310949,-43.75298668356503
TOWER,57100,11995,-22.81707988065832,-43.600735383875225
TOWER,117011,9593,-22.805909549488742,-43.33147161147174
TOWER,27558,13114,-22.822725632611444,-43.73394012451172
TOWER,20246,4187,-22.782729653751147,-43.766822814941406
TOWER,20187,4239,-22.782464868882123,-43.76658944522633
TOWER,82940,36435,-22.927661222570084,-43.485666162827435
TOWER,82908,36484,-22.927517610437732,-43.485446256749775
TOWER,107779,28259,-22.890138065113742,-43.37336147532743
TOWER,119219,11543,-22.814023634966684,-43.32092509550207
TOWER,30718,30349,-22.899737638585712,-43.71942183550666
TOWER,30642,30286,-22.899396559771372,-43.71970457189223
TOWER,117072,11385,-22.8151590683881,-43.33240509033203
TOWER,117057,11335,-22.81509175020106,-43.33262948428884
TOWER,88430,36102,-22.92537240421071,-43.460233351763556
TOWER,110050,18162,-22.8446803373449,-43.36302588967716
TOWER,110017,18217,-22.84453223733341,-43.36277905632468
TOWER,100732,4427,-22.78491076301126,-43.406715393066406
